Date,Event,Name,Club
9/10/2019,Something 2,Sukhvinder Singh,HC
22/11/2019,Something 3,Tarun Singh,CC
13/2/2019,Something 3,Dhruv,DC
1/9/2019,Something,Nakul,TMC
1/9/2019,Something,Name 1,TMC
9/10/2019,Something 2,Name 2,HC
22/11/2019,Something 3,Name 3,CC
13/2/2019,Something 3,Name 4,DC
1/9/2019,Something,Name 1,TMC
1/9/2019,Something,Name 1,TMC
9/10/2019,Something 2,Name 2,HC
22/11/2019,Something 3,Name 3,CC
13/2/2019,Something 3,Name 4,DC
1/9/2019,Something,Name 1,TMC
1/9/2019,Something,Name 1,TMC
9/10/2019,Something 2,Name 2,HC
22/11/2019,Something 3,Name 3,CC
13/2/2019,Something 3,Name 4,DC
1/9/2019,Something,Name 1,TMC
1/9/2019,Something,Name 1,TMC
9/10/2019,Something 2,Name 2,HC
22/11/2019,Something 3,Name 3,CC
13/2/2019,Something 3,Name 4,DC
1/9/2019,Something,Name 1,TMC
1/9/2019,Something,Name 1,TMC
9/10/2019,Something 2,Name 2,HC
22/11/2019,Something 3,Name 3,CC
13/2/2019,Something 3,Name 4,DC
1/9/2019,Something,Name 1,TMC
1/9/2019,Something,Name 1,TMC
